"Fold_ID","Feature_Label","Impact_SHAP_Value"
2,"Internet",0.00104632604525315
2,"Income",0.000411536026819003
2,"Cell phone",0.00024812130799722
2,"University degree",0.000206288766021645
2,"Population 0-14",0.000154056093882758
2,"Literacy",0.000115774189977947
2,"Migrants",0.000114996308747596
2,"Disability",9.77483674960807e-05
2,"Afrodescendants",9.52442937525207e-05
2,"Electricity",9.22946950193268e-05
2,"Car",9.15483084128166e-05
2,"Working",8.34353912610539e-05
2,"Population 15-39",8.28681281768999e-05
2,"Female",6.94959726695466e-05
2,"Mean occupants",6.49903515600927e-05
2,"Poverty",4.75961138396401e-05
2,"Indigenous language",4.67799561511404e-05
2,"Vulnerable income",4.4120883161508e-05
2,"Extreme poverty",4.20214462012784e-05
2,"Educational lag",2.99750574131186e-05
