"Feature_Label","Impact_SHAP_Value"
"Internet",0.00102241617119206
"Income",0.000335862778565779
"Cell phone",0.000215115785583905
"University degree",0.000154027683537985
"Migrants",0.000106555726848447
"Population 0-14",0.000103934707141041
"Car",9.8444998433189e-05
"Disability",8.07324325398336e-05
"Population 15-39",7.49811307839241e-05
"Electricity",7.40349999969241e-05
"Literacy",6.95060069790368e-05
"Extreme poverty",6.73050323798566e-05
"Mean occupants",6.31797925277864e-05
"Poverty",6.29846081942957e-05
"Educational lag",6.21503137069536e-05
"Working",6.09747277903897e-05
"Female",5.93818952278097e-05
"Poor housing conditions",5.85511869252187e-05
"Afrodescendants",5.5867660071161e-05
"Vulnerable income",4.69428671437801e-05
