"fold_id","eta","max_depth","min_child_weight","subsample","colsample_bytree","lambda","alpha","optimal_trees","min_RMSE"
1,0.1,1,1,0.8,1,1,0,180,0.00145522872128604
1,0.1,7,5,1,1,0.5,0.5,143,0.00163702724422842
1,0.1,3,1,0.8,1,1,1,387,0.00187258647542881
1,0.05,5,3,1,1,1,1,274,0.00178812782324028
1,0.1,3,3,0.8,1,0.5,1,332,0.0018738103848969
1,0.05,5,1,0.65,0.9,0,0,193,0.00137995816649228
1,0.05,1,5,0.65,1,1,0.5,611,0.00166080983174104
1,0.05,7,1,0.65,0.8,1,0,319,0.00142057890110358
1,0.1,3,3,0.8,0.9,0,1,628,0.00186166487675486
1,0.01,5,5,1,0.8,0,1,1238,0.00176179976517912
1,0.3,1,1,1,0.9,0.5,0.5,45,0.00175718563092613
1,0.05,7,1,1,0.8,0,0.5,280,0.00165603433408543
1,0.05,3,3,0.8,1,0.5,1,865,0.00183629721216061
1,0.01,5,3,0.8,1,0.5,1,2998,0.00188287759776049
1,0.05,3,5,0.65,0.9,0,1,768,0.00193601369263142
1,0.1,1,3,0.8,0.9,0,0,180,0.00146887006931547
1,0.3,5,5,1,1,0,0,36,0.00141442161425518
1,0.01,5,3,0.65,0.9,0,1,3015,0.00195224950946627
1,0.1,7,7,0.8,0.8,0,1,496,0.00185868822600596
1,0.1,7,7,1,1,0,0.5,144,0.00163355877859721
1,0.01,5,7,0.65,0.8,1,0.5,2558,0.00167219690028009
1,0.3,1,1,1,0.9,1,1,44,0.00186463058247079
1,0.01,7,1,1,0.8,1,0.5,1269,0.00165563162864971
1,0.01,5,1,1,1,0.5,1,1238,0.00178010184814398
1,0.01,3,3,0.65,0.8,0,0,991,0.00139483380154851
1,0.1,3,1,0.65,0.8,0.5,1,388,0.00199057556379227
1,0.3,3,7,1,0.8,0,1,45,0.00189335484354997
1,0.05,5,5,0.8,1,1,0,250,0.00138602632482675
1,0.1,1,3,1,1,0.5,0,258,0.00143682070503738
1,0.05,1,7,0.65,0.9,1,1,569,0.00194725480530777
1,0.01,3,5,0.65,0.8,1,0.5,2588,0.00169619058083046
1,0.05,3,7,0.65,0.8,0.5,1,465,0.00194727332182764
1,0.1,7,5,0.65,0.8,0.5,1,527,0.00194101020828217
1,0.3,5,3,0.65,0.9,0,1,118,0.00199946986396514
1,0.05,3,5,1,0.8,1,0,317,0.00140676209844713
1,0.01,3,7,1,0.9,1,1,1238,0.00176343274786223
1,0.1,1,5,1,1,0.5,1,140,0.00177820103266077
1,0.1,5,5,1,1,0.5,1,140,0.00178975460601573
1,0.01,1,5,0.8,1,0,0,1278,0.00146074461278268
1,0.3,5,3,1,0.9,0.5,1,45,0.00183599743322066
1,0.1,5,3,1,1,1,0,130,0.00136708264262884
1,0.3,5,5,0.65,0.8,0.5,0.5,118,0.00185561416318248
1,0.05,5,7,0.65,1,0,1,653,0.00195950495613
1,0.01,3,1,0.8,0.9,0,0,1160,0.00135927555246127
1,0.1,3,3,0.65,1,1,0.5,268,0.00171750384605893
1,0.01,7,3,1,0.9,1,0.5,1272,0.00163445700384548
1,0.01,7,3,0.8,0.9,1,0.5,2727,0.00164618963172456
1,0.05,7,7,0.65,0.8,0,0,172,0.00135725081543363
1,0.1,1,1,1,0.8,1,0.5,143,0.00166342483288053
1,0.1,1,1,0.65,0.9,1,1,424,0.00194994095784221
1,0.3,7,1,0.65,0.8,0,1,146,0.00206223428963983
1,0.01,7,1,1,1,0,1,1238,0.00181897269835161
1,0.1,7,3,1,0.9,0,0,135,0.00140689495018758
1,0.01,5,3,0.8,0.8,0,1,2603,0.00183363765386009
1,0.1,3,7,0.65,1,0.5,0.5,322,0.00174932327614158
1,0.3,1,3,1,0.8,0,1,44,0.00181986408147697
1,0.05,3,3,1,0.8,0,0.5,280,0.00157597308062174
1,0.01,3,5,0.8,1,1,0.5,2831,0.00164032843729843
1,0.05,7,3,1,0.9,0.5,1,275,0.00176798646386953
1,0.01,3,3,1,0.9,0.5,0,1329,0.00141616132843064
1,0.01,7,1,1,1,1,1,1239,0.00180455994391206
1,0.3,1,5,0.65,0.9,0,0.5,101,0.00174344201928369
1,0.3,5,5,0.8,0.9,0.5,1,166,0.00199495780569666
1,0.1,5,7,1,0.8,1,0.5,144,0.00160681145922608
1,0.01,3,1,1,0.9,0.5,1,1237,0.00174353071953195
1,0.05,3,3,0.8,1,0,0.5,848,0.00167441407233409
1,0.01,3,5,1,0.9,0.5,0,1293,0.00139822613237017
1,0.01,1,3,0.65,1,0,0.5,2634,0.00166928436393771
1,0.1,5,1,0.65,0.8,0.5,0,197,0.00141285223848168
1,0.01,1,1,1,0.9,0,1,1235,0.00177225132459004
1,0.05,3,5,0.8,0.9,0.5,0.5,744,0.00164799284500729
1,0.01,5,1,0.8,0.8,0,0.5,2642,0.00166976015462947
1,0.1,7,1,0.65,0.9,0.5,0.5,490,0.00177240746733108
1,0.01,1,3,0.65,0.8,0.5,0.5,2436,0.00166384879482755
1,0.1,1,3,0.65,0.9,0,0,185,0.00146086632680148
1,0.05,3,3,1,1,1,1,275,0.00175552438568123
1,0.3,7,5,0.65,0.9,1,0.5,128,0.00180523872378449
1,0.1,5,5,0.65,1,0,0,99,0.00140069941650577
1,0.3,1,3,1,0.9,0.5,0,91,0.00147792108986814
1,0.3,3,5,0.8,0.9,0,0,27,0.00143083529404184
1,0.05,7,7,1,0.9,0.5,0,219,0.00138779478098223
1,0.05,1,1,0.8,1,0.5,0,233,0.00145961813356725
1,0.1,1,1,1,0.9,1,0,267,0.00145349989015476
1,0.3,5,5,1,1,1,1,45,0.00183733013423287
1,0.05,7,3,1,0.8,0,0.5,281,0.00160088498411531
1,0.05,5,5,0.65,0.8,1,0.5,413,0.00167306818690055
1,0.1,5,3,0.8,0.9,1,0.5,329,0.00168814568164837
1,0.1,5,1,1,1,0,1,140,0.00183462250644064
1,0.3,5,7,0.65,1,0.5,0,61,0.00148260023265241
1,0.01,3,1,1,1,1,1,1237,0.00179763026915749
1,0.05,5,3,1,0.9,1,0,224,0.0013512331156919
1,0.05,3,5,1,0.9,1,0.5,280,0.00161217398597536
1,0.01,5,5,0.65,0.9,1,0.5,2870,0.00167821611887927
1,0.05,3,3,1,0.8,0,0.5,280,0.00158854945214345
1,0.3,5,7,0.65,0.9,1,0,30,0.00147490084421801
1,0.01,3,1,1,0.9,1,0,1231,0.00141747780195524
1,0.01,3,1,1,0.8,0.5,0,1606,0.00140114141014714
1,0.05,5,5,1,0.9,0,0,189,0.00140610570393819
1,0.1,7,3,0.65,0.8,0,0.5,317,0.0017159330530862
1,0.1,3,1,0.65,0.9,0.5,0,167,0.00142939521713807
1,0.01,1,3,1,1,1,0.5,1264,0.00158280546406592
1,0.3,5,3,0.65,1,0.5,0.5,120,0.00184616736204951
1,0.05,1,5,0.8,0.9,0.5,1,483,0.00183315044714212
1,0.01,5,3,1,1,1,1,1238,0.00181100550491718
1,0.3,3,3,0.65,0.8,0.5,1,149,0.00203144863205912
1,0.05,7,3,0.65,0.9,0.5,0,233,0.00135886305268837
1,0.01,1,5,0.65,1,1,0,1189,0.00146764479933946
1,0.1,1,7,1,0.9,0.5,0,177,0.00146751041394884
1,0.1,5,3,1,0.8,0,1,140,0.0018254970418836
1,0.3,1,7,1,0.8,0,0,58,0.00152687592676839
1,0.3,3,7,0.8,0.9,0.5,0.5,169,0.00174912531335963
1,0.05,5,7,0.65,0.9,0.5,0.5,725,0.00168145604550727
1,0.3,7,3,0.8,0.9,0,0.5,107,0.00179596066635163
1,0.1,7,1,0.8,1,0.5,0,124,0.00143692106213029
1,0.01,7,3,1,0.9,1,1,1238,0.00174070647110964
1,0.05,5,5,1,0.8,0,1,274,0.00176566618402274
1,0.05,7,5,0.8,0.9,1,1,888,0.0018486433293519
1,0.3,3,5,1,0.8,0,0,62,0.00144338005667342
1,0.1,3,7,0.65,0.8,0.5,1,493,0.00197767888692373
1,0.05,3,1,1,1,1,0,294,0.0014285284404817
1,0.01,5,5,0.65,0.8,1,0.5,2362,0.00167361671524637
1,0.3,7,5,0.8,0.8,1,0.5,152,0.00179593853041594
1,0.1,5,5,0.65,0.8,0,0,93,0.00139617365298351
1,0.1,5,5,0.8,0.9,1,0.5,323,0.00166534698218363
1,0.1,3,3,1,1,0,0,98,0.00140491506080905
1,0.05,7,5,0.65,0.8,1,1,898,0.00194133102980433
1,0.05,1,7,0.65,0.9,0.5,0.5,405,0.00167256594766066
1,0.1,5,1,0.65,0.9,1,0,158,0.00142736421591997
1,0.01,5,5,0.65,0.9,1,0.5,3198,0.00167382170506374
1,0.01,5,3,1,0.9,0.5,0,1172,0.00136238496521007
1,0.3,5,7,0.65,0.8,0,0.5,124,0.00185379390760989
1,0.1,5,1,0.8,0.8,0.5,0,103,0.00145028565091008
1,0.05,5,5,0.65,0.8,1,0,193,0.00136522993010789
1,0.05,7,1,1,1,0.5,0.5,281,0.00167255166255092
1,0.05,7,7,1,1,1,0,202,0.00139024030132298
1,0.3,1,5,1,1,0.5,1,44,0.00186007288202868
1,0.05,1,3,1,0.8,0.5,0,525,0.00143772224390766
1,0.05,7,1,0.65,0.9,0.5,0.5,677,0.00175768179884851
1,0.05,1,7,0.8,0.8,0.5,1,526,0.001836856801022
1,0.1,1,3,0.65,0.8,1,1,344,0.00190977679026046
1,0.3,1,7,0.8,0.9,0,0.5,117,0.00180972676935867
1,0.3,3,5,0.8,0.8,0,1,112,0.00193684689293359
1,0.05,1,7,1,1,0,0,344,0.00149706678841857
1,0.01,3,5,0.8,0.9,0,0.5,2740,0.00165110015310529
1,0.05,3,3,0.65,1,1,1,592,0.00193743035021578
1,0.05,7,3,1,1,1,1,274,0.00173055099529939
1,0.05,7,7,0.65,1,0.5,1,509,0.00196811758680545
1,0.1,7,7,1,0.8,0,1,140,0.00178926461374009
1,0.3,7,1,0.65,1,0.5,1,167,0.00218629065994798
1,0.05,7,5,0.8,0.8,0,0,185,0.0014232073372701
1,0.1,5,3,1,0.8,0,0,135,0.00146492738096189
1,0.05,7,5,0.8,0.8,0.5,0,251,0.00135684432434222
1,0.1,5,5,1,1,0,0.5,144,0.00164337135736818
1,0.3,1,1,0.8,1,0.5,0.5,101,0.0017965032306353
1,0.01,3,5,0.8,0.8,0,1,2719,0.00183461237553679
1,0.1,3,5,0.8,0.8,0,1,429,0.0018905878555027
1,0.1,1,3,1,0.8,0.5,1,139,0.00174241245586839
1,0.1,7,5,0.8,0.9,0.5,1,591,0.00188479089931425
1,0.01,5,7,0.8,0.8,0.5,0.5,2660,0.00164319292842364
1,0.1,5,5,1,0.9,1,1,141,0.00177203674106357
1,0.1,7,7,1,0.8,0,0,112,0.00140819943027083
1,0.05,3,5,1,0.9,0,0.5,280,0.00161026230565932
1,0.05,1,5,0.8,0.8,0,0.5,633,0.00164537346874447
1,0.05,7,1,1,0.8,0.5,0,265,0.00142424384921748
1,0.1,5,1,0.65,0.8,0,0.5,295,0.00173076118090111
1,0.3,3,7,0.8,0.8,0.5,0.5,102,0.00186051656575139
1,0.1,1,7,0.8,1,0.5,1,246,0.00185738991305491
1,0.1,5,3,0.8,0.8,1,0.5,480,0.0016246660489349
1,0.05,7,1,1,0.9,0,0.5,281,0.00168648944479438
1,0.01,3,5,0.65,0.9,0,0.5,2507,0.00167357445259488
1,0.05,7,7,0.65,0.9,1,0.5,752,0.00172508660324285
1,0.3,3,1,1,0.9,1,0.5,46,0.00172392664618676
1,0.3,7,5,0.65,0.8,1,0.5,149,0.00182466417010398
1,0.3,7,5,0.8,1,0.5,0.5,135,0.00171667933685303
1,0.01,7,5,0.65,0.8,0.5,1,2318,0.0019372848739036
1,0.1,3,3,0.65,0.8,0.5,0.5,548,0.00168276045701261
1,0.1,3,1,1,0.8,0,0,166,0.0014480315716667
1,0.3,3,1,0.65,1,0,0,51,0.0015738067172042
1,0.3,1,5,0.65,0.9,0.5,0,56,0.00156070846970491
1,0.05,1,1,0.8,0.8,0,1,520,0.00184941644320372
1,0.3,5,3,0.8,0.9,0,0,26,0.00142184939317466
1,0.01,1,5,1,1,0,0,2733,0.00144458516007488
1,0.1,1,7,1,0.9,0.5,1,139,0.00178841303769737
1,0.01,5,3,1,0.8,1,0,1166,0.00138032775219808
1,0.1,1,1,1,1,1,0.5,143,0.00158452731926346
1,0.05,7,5,1,0.9,1,0,226,0.00140891097069364
1,0.05,7,3,0.8,1,0,0,224,0.00136137347992798
1,0.01,3,3,0.65,0.9,0,1,2527,0.00193786128078151
1,0.1,5,7,0.8,1,0,0.5,453,0.0016391162091906
1,0.05,5,1,1,1,0.5,0,261,0.00142653205654782
1,0.3,3,1,1,0.8,1,1,45,0.00191247375482931
1,0.01,3,7,0.8,1,1,0,1109,0.00138757807975896
1,0.1,1,5,0.8,0.8,0.5,0.5,224,0.00166964224068473
1,0.3,7,7,0.8,1,1,0,25,0.00148186837638763
1,0.3,5,3,0.8,1,1,1,98,0.00191674817272771
1,0.1,5,1,0.8,0.9,0.5,1,576,0.00195536174430181
1,0.1,1,7,1,1,0,1,140,0.00176127878226232
1,0.3,7,7,1,0.8,1,0.5,46,0.00174660971751988
1,0.01,5,1,0.8,1,0.5,0.5,2767,0.00163822995906618
1,0.3,1,7,1,0.9,0.5,0.5,45,0.00171381518243678
1,0.05,1,5,0.65,0.8,0,1,561,0.00194255888838357
1,0.05,7,5,0.65,1,1,1,499,0.0019520479798
1,0.3,3,7,1,1,1,0.5,46,0.0016735363833726
1,0.01,1,1,0.8,0.8,1,1,1712,0.00185518379311881
1,0.3,1,7,0.65,0.8,0.5,0,44,0.00152795683518019
1,0.3,1,3,1,1,1,0,173,0.00150062051258988
1,0.05,7,1,0.8,0.8,0,0.5,965,0.00170137363356575
1,0.1,1,5,1,0.8,0,0,192,0.00146129038781427
1,0.3,1,1,0.65,0.9,1,0,97,0.00149346392016368
1,0.3,1,5,0.8,1,1,0,67,0.00149621934978424
1,0.3,5,3,0.8,0.8,1,1,118,0.00192428014756848
1,0.1,5,7,1,0.8,0.5,0,103,0.00138610848828374
1,0.01,7,1,0.8,1,0.5,1,3204,0.0018504453472482
1,0.3,1,5,1,0.9,0.5,0.5,44,0.00174539695895496
1,0.3,7,7,1,0.9,1,0,27,0.00146937638436018
1,0.3,1,7,1,0.9,0,0,38,0.00151091367455176
1,0.05,5,5,0.8,0.9,0.5,1,572,0.00185566632976083
1,0.01,7,5,1,0.8,0,0.5,1267,0.00161088926600635
1,0.05,7,3,0.8,0.9,0,0,202,0.00138830294538685
1,0.1,7,7,1,1,0.5,0,95,0.00136898968183217
1,0.3,3,3,1,0.9,1,0,73,0.0014367852863454
1,0.1,3,7,0.65,1,1,0,215,0.00140197396756553
1,0.01,7,1,0.65,0.8,1,0.5,2317,0.00172331428279935
1,0.1,7,3,0.8,0.9,0.5,0,96,0.00140959585262553
1,0.3,5,3,0.8,0.8,1,0.5,304,0.00180893583106925
1,0.05,5,7,1,1,0.5,0.5,280,0.00162444200293348
1,0.01,3,3,0.8,1,1,0.5,2525,0.00163559950009802
1,0.01,7,3,0.8,1,1,0,1177,0.00137606146324658
1,0.05,5,5,0.8,1,1,1,629,0.00186963368780641
1,0.1,7,5,0.8,0.9,0,0.5,361,0.00166285897103388
1,0.01,7,1,0.8,1,1,0,1165,0.00140881899384717
1,0.05,5,3,0.8,0.8,1,0.5,929,0.00167933711479751
1,0.05,1,5,1,0.8,0,1,273,0.00175266622161553
1,0.01,3,1,1,1,1,0.5,1270,0.00164779389669165
1,0.3,7,3,0.65,1,1,0.5,95,0.00184461610421945
1,0.3,3,1,0.65,0.8,1,0.5,101,0.00189967704263081
1,0.3,3,3,0.65,0.8,0,0,33,0.00142459137323695
1,0.05,3,5,1,1,1,0,258,0.00142449255120021
1,0.3,7,7,0.65,0.9,1,0.5,169,0.0017681905719833
1,0.01,1,5,1,0.8,1,1,1234,0.00175312866715832
1,0.01,1,5,0.65,0.9,0.5,0.5,2004,0.00169124652739627
1,0.05,3,7,0.65,1,0,0.5,618,0.00170097588346302
1,0.01,3,1,0.65,1,0.5,1,3130,0.00200532298673956
1,0.3,7,1,0.65,0.8,0,0,37,0.00159261433463029
1,0.1,1,3,0.8,0.8,0.5,0.5,322,0.00163607149641475
1,0.01,7,7,0.8,1,0.5,1,2212,0.00183097479020524
1,0.01,5,1,0.8,0.9,0.5,1,3001,0.00188446322751107
1,0.3,1,3,0.8,0.9,1,0.5,74,0.00176814984435573
1,0.3,5,5,0.65,0.8,1,0.5,116,0.00180796208552377
1,0.05,5,3,1,1,0,0,264,0.00139314133378804
1,0.01,3,1,1,0.8,1,1,1239,0.00174514206746135
1,0.3,5,5,1,1,0,0,32,0.00145437203789789
1,0.05,5,1,0.8,1,1,1,701,0.00189507315052195
1,0.01,7,1,1,0.9,1,0,1191,0.00143432791671211
1,0.01,5,7,0.8,0.8,0,1,3391,0.00186974628054807
1,0.01,1,5,0.65,1,0,0,977,0.00147196043154261
1,0.1,5,1,0.65,0.9,0,0,94,0.00140671586990375
1,0.1,1,7,0.8,0.8,0.5,0.5,364,0.00165394236809418
1,0.05,5,5,0.8,0.8,0,1,591,0.00185241335817823
1,0.01,1,1,0.8,1,0,0,1005,0.00148353075188237
1,0.3,1,7,0.65,0.9,1,1,82,0.0020094229021018
1,0.05,3,7,1,1,1,1,274,0.00180146816690479
1,0.3,3,3,0.65,1,1,0,40,0.00150636471293042
1,0.1,1,7,1,0.9,1,1,140,0.00175513937900247
1,0.05,1,7,0.65,0.9,0.5,0,215,0.00147103062124932
1,0.1,1,7,0.65,0.8,0,1,391,0.00194971367660286
1,0.05,5,7,1,0.8,0.5,0.5,281,0.00163264690692854
1,0.1,1,1,0.8,1,0,1,380,0.00184679848604826
1,0.01,1,3,0.65,0.9,0,1,2780,0.00192725432756781
1,0.01,3,5,1,1,0.5,0.5,1267,0.00164635747433846
1,0.01,1,1,1,0.9,1,0.5,1268,0.00156414380540921
1,0.01,1,5,0.8,0.8,1,1,1723,0.00183546291932022
1,0.1,5,7,0.8,0.8,1,1,374,0.00187575339091844
1,0.05,3,3,1,0.9,0,0,196,0.00140495306088297
1,0.01,7,3,1,1,0,1,1238,0.00175325376815336
1,0.05,7,7,0.65,0.9,1,0.5,768,0.00168412704872337
1,0.01,5,5,0.8,0.8,0,1,2533,0.0018447285298307
1,0.1,3,7,0.65,1,1,0,95,0.00140993103349536
1,0.1,7,5,0.65,0.8,0,0.5,252,0.00168643646035841
1,0.01,5,7,1,0.8,1,0.5,1269,0.00159994949988764
1,0.3,1,3,0.65,1,1,0,79,0.00150062493397194
1,0.05,7,5,0.8,1,1,0.5,978,0.0016960465483319
1,0.1,3,3,0.8,1,0.5,1,334,0.00184453324939824
1,0.01,7,7,1,0.9,1,0.5,1269,0.00162204545101404
1,0.1,3,1,0.8,0.8,0,0.5,409,0.00168252810653817
1,0.05,3,5,1,0.9,0.5,0.5,280,0.00161958621844291
1,0.3,3,3,1,0.8,1,1,45,0.00187462725371193
1,0.3,3,3,0.8,1,0,0.5,207,0.00175213847378605
1,0.01,7,3,1,0.9,0.5,1,1237,0.00173757204127277
1,0.3,1,7,1,1,1,0.5,45,0.00163446194659173
1,0.01,5,3,0.8,0.8,0.5,0.5,2841,0.00163161400525261
1,0.01,3,3,0.8,0.9,0.5,0.5,2486,0.00165919687384935
1,0.01,5,5,1,1,0,0,952,0.00138900865028524
1,0.01,3,7,1,0.8,0.5,1,1238,0.00183725207802991
1,0.1,1,3,0.8,1,0,1,306,0.00184303476451524
1,0.05,5,5,0.65,1,0.5,1,834,0.00196164088682355
1,0.05,3,1,0.65,0.8,0,0,243,0.00133960610976728
1,0.05,7,7,1,0.9,0,1,274,0.00177584051194978
1,0.1,5,7,1,0.9,0.5,1,141,0.00182537734131522
1,0.01,3,7,0.65,1,0.5,1,2854,0.00196105028229196
1,0.05,5,7,0.8,1,1,0,257,0.00136185218275405
1,0.05,5,1,0.8,1,1,0.5,786,0.00167302189100967
1,0.01,3,1,1,0.9,0,0,910,0.00142303899668024
1,0.05,7,5,0.8,0.8,0.5,1,676,0.00186163941120204
1,0.01,3,5,1,1,0,0.5,1270,0.00166713481247875
1,0.01,7,5,0.65,0.9,0.5,0,1038,0.00137080216120231
1,0.05,7,7,0.8,0.9,0.5,1,633,0.00186444677176777
1,0.1,3,3,0.8,0.8,0.5,0.5,295,0.00166978291415399
1,0.01,5,3,0.65,0.8,0,1,2777,0.00193610791479392
1,0.1,1,7,1,0.9,1,0.5,141,0.00161105024488337
1,0.3,7,7,0.8,1,0,1,106,0.002010829308612
1,0.01,1,7,1,0.8,0,0.5,1266,0.00163138758984895
1,0.05,1,7,1,0.9,1,1,274,0.00176458860862669
1,0.01,7,7,0.65,1,0.5,0,934,0.00138355584653655
1,0.3,5,7,0.8,1,0.5,1,92,0.00196464024262864
1,0.05,1,7,0.8,0.9,0,1,660,0.001843983703617
1,0.05,3,5,0.65,0.9,0,0.5,890,0.0016926668669472
1,0.05,5,3,0.65,0.8,0,0.5,526,0.00171022851480145
1,0.1,1,1,0.8,1,0,1,379,0.00185380263219796
1,0.01,3,1,1,1,0,0,958,0.0014151792669886
1,0.01,3,1,1,0.8,0.5,1,1237,0.00174610690110711
1,0.3,5,3,1,0.8,0.5,0,34,0.00145696169960224
1,0.01,3,1,0.8,0.9,0.5,0.5,2346,0.00169022352074883
1,0.01,7,7,0.8,0.9,0.5,1,3477,0.00184939167567403
1,0.3,3,1,1,0.8,0,0,64,0.00144827050085643
1,0.1,5,5,0.65,0.9,0,0,101,0.00141624716226728
1,0.01,3,5,1,0.8,0.5,0.5,1268,0.00166374774236818
1,0.05,7,3,0.65,1,1,0.5,587,0.0016839672226267
1,0.01,7,7,1,0.8,1,1,1240,0.00177888898318209
1,0.05,7,1,1,0.8,1,1,274,0.00179242210326582
1,0.3,1,5,1,1,1,1,44,0.00187051397099149
1,0.05,5,5,0.8,0.9,0,1,878,0.00183193149091804
1,0.01,1,5,0.65,0.9,0,1,2714,0.00193597743095289
1,0.01,5,7,0.65,0.8,0,0.5,3216,0.00167239750625603
1,0.01,5,1,1,1,0.5,1,1238,0.00178423777635505
1,0.01,3,3,0.65,0.9,0,0,1136,0.00141201450641256
1,0.3,7,7,0.8,0.8,0,0,36,0.00148314508762031
1,0.1,5,5,0.8,0.9,0.5,0.5,523,0.00169212051351744
1,0.01,5,5,1,0.9,1,0.5,1271,0.00165135879171369
1,0.01,3,1,0.8,1,0,1,2759,0.00190065115502713
1,0.01,7,5,0.65,0.9,0,1,2578,0.00195139272457879
1,0.05,5,5,0.65,0.8,0.5,0,217,0.00141859793570546
1,0.05,1,7,0.8,1,0.5,1,631,0.00184679262781039
1,0.1,3,1,1,0.9,0.5,0,92,0.00143727345193597
1,0.05,3,7,0.65,0.8,0,1,607,0.00195731972214759
1,0.1,1,1,0.65,0.9,0.5,1,254,0.00196207025979655
1,0.01,1,1,0.65,1,0.5,0.5,2539,0.00167507997730656
1,0.01,5,7,0.65,0.9,0.5,0.5,2850,0.00165934745543649
1,0.3,5,3,0.65,1,0.5,0,37,0.00150003406231528
1,0.01,5,1,0.65,1,0,0.5,2792,0.00171900598507476
1,0.01,7,5,1,0.9,0.5,0.5,1270,0.00164954923524469
1,0.01,3,7,0.65,0.9,0,1,3130,0.0019563325690279
1,0.3,5,1,0.8,1,0.5,1,134,0.00192803080563879
1,0.1,5,7,1,0.9,0.5,0.5,143,0.00164870201148245
1,0.01,3,1,1,0.9,0.5,1,1239,0.00178343284940682
1,0.3,5,5,1,0.9,0.5,0,29,0.00148507714480306
1,0.01,1,7,0.8,0.9,0.5,0.5,1923,0.00166018365440023
1,0.1,5,5,0.8,0.8,0.5,0.5,445,0.00163643380480289
1,0.1,5,1,0.65,1,0.5,1,460,0.00200063219010905
1,0.3,5,3,1,0.9,0.5,0,34,0.00144263951156153
1,0.05,3,1,0.8,1,0.5,1,603,0.00188747814213624
1,0.01,3,7,0.65,0.9,0,1,3009,0.00195378684466365
1,0.01,1,1,0.65,0.9,0,0,1101,0.00146259208201372
1,0.01,1,7,1,1,1,0,2071,0.00144854812290271
1,0.05,5,3,0.8,0.9,1,0,208,0.00137425672077537
1,0.01,3,3,0.8,1,1,0,1240,0.00138235116042157
1,0.05,7,5,0.65,1,0.5,0.5,666,0.00168897517707126
1,0.01,7,7,0.65,0.9,1,1,2720,0.00195377309563759
1,0.3,5,3,1,0.9,0,1,45,0.00184530642289064
1,0.01,5,3,1,1,1,0,1169,0.00142543442044487
1,0.1,7,5,0.65,0.9,0,0,88,0.00141018423461512
1,0.1,1,3,0.8,0.8,0.5,0,198,0.00145690279984598
1,0.05,3,1,0.65,1,0,1,659,0.00199341563334143
1,0.05,5,7,0.8,1,0.5,1,921,0.00183717142463169
1,0.01,1,1,0.65,0.9,1,0.5,2865,0.00160141880701257
1,0.1,5,1,1,1,0,1,141,0.00183555537249564
1,0.3,3,5,1,0.8,0,1,45,0.00185267088662078
1,0.01,3,7,0.8,0.9,1,0.5,2470,0.00165413272979365
1,0.01,5,3,0.8,0.8,0.5,0.5,2533,0.00163805263254344
1,0.05,1,7,1,0.8,0.5,1,274,0.00177135927488156
1,0.01,1,5,0.65,0.8,0.5,1,2795,0.0019475047478398
1,0.05,7,7,0.8,1,0.5,1,769,0.00190194477697007
1,0.05,5,7,0.8,1,0.5,0,256,0.0014205091440096
1,0.05,7,5,0.8,0.9,1,0.5,808,0.00166894088590165
1,0.05,7,3,0.65,0.9,0,0,187,0.00139147033599429
1,0.3,7,3,0.8,0.8,0,0,55,0.00145307386232102
1,0.3,5,3,0.65,1,0,0.5,123,0.00185069165097723
1,0.3,3,7,1,0.8,0.5,0,74,0.00144210339479494
1,0.3,7,7,1,1,1,1,45,0.0018828366619139
1,0.1,5,1,1,0.9,0.5,0.5,144,0.00159872771654075
1,0.3,5,5,0.8,0.9,0,1,137,0.00194394698656941
1,0.1,5,5,0.8,0.8,0,1,368,0.00187155467323517
1,0.1,1,7,1,1,0.5,0,271,0.00146109906370569
1,0.1,7,5,1,0.9,0,1,140,0.00174706145044197
1,0.01,1,5,0.65,1,1,0.5,2109,0.0016929600740241
1,0.1,5,7,0.8,0.8,0.5,0.5,315,0.00166111917067449
1,0.1,1,3,0.8,0.8,1,0,178,0.00146877173350981
1,0.1,1,3,1,1,0.5,0.5,143,0.0015648748975448
1,0.3,5,1,0.8,1,1,0.5,171,0.00192001765116943
1,0.05,3,7,0.65,0.8,1,0.5,718,0.00170210636188138
1,0.1,3,3,1,0.8,0.5,0.5,143,0.00161609316329451
1,0.1,1,5,0.8,1,0.5,0,272,0.00145763962112365
1,0.1,3,1,0.65,0.9,1,0,122,0.00144191910575595
1,0.01,7,5,0.65,0.8,0,0.5,2347,0.00169185168832955
1,0.01,5,3,0.8,0.9,0.5,0,1124,0.00136235526857739
1,0.1,1,5,0.8,0.8,0.5,0,174,0.00145652880460078
1,0.05,1,3,0.65,1,0,0.5,516,0.0016394083513538
1,0.1,1,1,0.65,0.9,0.5,0,207,0.00144546682201391
1,0.05,7,1,1,0.9,0.5,0.5,280,0.00167333438982604
1,0.01,1,1,1,1,1,0,2349,0.00143346374705091
1,0.3,7,3,0.65,0.9,1,0.5,117,0.00188866056216805
1,0.05,1,1,0.8,0.9,0.5,1,674,0.00186345257598285
1,0.05,1,3,1,0.8,0.5,1,273,0.00172328007221654
1,0.05,3,1,0.8,0.9,0,1,674,0.00186171919723431
1,0.3,3,5,1,0.9,0.5,0,76,0.00146806335055161
1,0.01,3,1,0.65,1,1,1,3226,0.00197344122673089
1,0.3,7,5,0.8,0.9,1,1,182,0.00191665655459863
1,0.01,5,7,1,0.8,0.5,1,1241,0.00175499027403152
1,0.01,3,5,1,1,0,1,1237,0.00180957325575619
1,0.1,7,7,0.8,0.9,1,0.5,400,0.00169724763108052
1,0.1,3,3,1,1,1,0.5,144,0.00167128322594524
1,0.01,3,3,0.8,1,0.5,0,1094,0.00139165850144337
1,0.01,1,3,1,0.9,0,1,1236,0.00171531070287052
1,0.1,3,7,0.8,0.8,0,1,567,0.00185268029826384
1,0.01,7,5,0.65,1,0,0.5,2450,0.00168890210846737
1,0.1,5,1,0.65,1,0,0,92,0.00143759696456634
1,0.3,7,1,1,0.8,0.5,1,45,0.0019008864846804
1,0.05,1,5,1,1,0,0,387,0.0014559981856004
1,0.01,5,7,0.8,0.8,0.5,0.5,2315,0.00162114342665735
1,0.01,5,1,0.8,0.9,0.5,0,1499,0.00141027334821749
1,0.1,5,1,0.8,1,0.5,1,415,0.00187880342328417
1,0.3,1,1,0.8,0.8,0,0.5,85,0.00175733458165375
1,0.05,7,3,0.8,1,1,1,966,0.00184333148449018
1,0.1,5,1,0.65,0.9,1,1,286,0.0020223275605831
1,0.05,3,3,0.65,1,0,1,759,0.00192916551006412
1,0.01,7,5,1,0.8,1,0,967,0.00139525550629554
1,0.05,1,1,1,0.9,0,1,273,0.00177659038641431
1,0.1,5,7,0.8,1,1,0,91,0.00141182054649795
1,0.05,3,7,0.8,0.9,1,1,769,0.00186641884292069
1,0.1,3,5,1,0.9,1,1,141,0.00179083939818354
1,0.1,5,1,0.65,1,0,0,92,0.0014402398435944
1,0.01,5,5,1,0.8,1,0,1043,0.00142314916702143
1,0.05,5,5,0.8,1,0,1,665,0.00184420095363817
1,0.3,1,3,0.65,1,0,0,46,0.00145458730316789
1,0.01,1,1,1,0.9,0.5,1,1234,0.00176911986214433
1,0.05,7,5,0.8,0.9,0,0,189,0.00140929518384989
1,0.05,5,5,0.8,1,0.5,0,308,0.00140576838349131
1,0.3,5,7,1,0.9,1,1,45,0.00183998922064693
1,0.05,1,1,0.65,0.9,1,1,552,0.001968703323177
1,0.3,5,3,1,0.8,0.5,0.5,46,0.00172815044009121
1,0.05,7,3,0.65,0.8,0,0,192,0.00137889712826447
1,0.01,7,7,0.8,0.8,1,0.5,2105,0.00162528293790129
1,0.3,3,3,0.65,1,1,1,166,0.0020163493628994
1,0.05,5,7,0.65,0.9,0,0,186,0.00140292017084797
1,0.3,7,5,0.65,1,0.5,0,24,0.00151513583922782
1,0.01,5,7,0.65,0.8,0,1,2517,0.00195869269036224
1,0.3,1,5,0.65,0.9,1,1,81,0.00201474739932725
1,0.05,1,7,0.8,1,0.5,0.5,441,0.00163973827553984
1,0.01,1,5,1,0.9,0,0.5,1265,0.0015892628005513
1,0.3,1,7,0.8,1,0,1,141,0.00199323496785146
1,0.3,3,1,0.8,0.9,0.5,1,120,0.00197875782811994
1,0.1,3,7,0.8,0.9,1,0.5,303,0.00167936010486715
1,0.05,5,3,0.65,0.8,0.5,1,648,0.00197874074089301
1,0.01,5,3,0.65,1,1,0,1209,0.00138721157914329
1,0.1,3,1,1,0.8,0,0,122,0.00141450015950544
1,0.05,1,1,0.8,0.9,0.5,1,475,0.00185351237008863
1,0.3,7,1,1,0.9,0,0.5,46,0.00176856405501852
1,0.1,7,3,1,0.8,0.5,1,141,0.00174658407216363
1,0.05,7,5,0.8,1,0.5,0.5,880,0.00164781664688194
1,0.1,1,5,0.65,0.9,0.5,1,223,0.00197806912829294
1,0.1,5,5,0.65,0.8,1,0.5,417,0.00170818891528633
1,0.01,3,7,0.8,1,0.5,0,1144,0.00139363507918277
1,0.3,1,5,0.8,1,0,0,59,0.00152957917760932
1,0.05,7,1,1,0.8,0,1,274,0.00181364282315463
1,0.1,1,1,0.65,0.9,1,0,213,0.00145108285658297
1,0.01,3,5,0.8,1,1,0.5,2362,0.00162265762407178
1,0.01,5,1,0.65,0.8,1,0,1261,0.00136827702778912
1,0.1,1,7,0.8,0.8,0,0.5,375,0.00164008048837587
1,0.05,7,1,1,0.9,0.5,1,275,0.0018741449629707
1,0.1,3,7,0.65,0.9,0.5,1,435,0.00196252804832768
1,0.05,7,1,1,0.8,0.5,0.5,281,0.00164237477169493
1,0.05,7,7,0.8,0.9,0,0.5,679,0.00165443398794899
1,0.05,7,7,0.8,0.9,1,0.5,982,0.00165009758443308
1,0.3,1,7,1,0.9,0.5,0,154,0.00149146638210738
1,0.01,3,5,0.65,0.8,0,0,962,0.00138403277776272
1,0.3,5,5,0.8,1,1,1,162,0.00190842060802386
1,0.05,3,7,0.65,1,0.5,1,751,0.00195155152377731
1,0.01,1,7,0.8,1,1,0,1137,0.00147700412978675
1,0.3,7,7,0.8,0.9,1,1,105,0.0019232626609324
1,0.3,5,3,1,0.9,0,1,45,0.00187229722541938
1,0.01,5,5,0.8,0.9,1,0,1064,0.00139824550282632
1,0.3,7,3,1,0.8,0.5,1,45,0.0018326857711995
1,0.01,7,7,1,1,0,0.5,1269,0.00161347347005393
1,0.3,1,7,0.8,0.9,0,0,68,0.00152306576216473
1,0.05,3,7,1,0.8,1,0.5,280,0.0016159464766968
1,0.05,1,7,0.65,1,0.5,1,559,0.00197272191871953
1,0.3,1,3,0.65,0.9,1,0.5,129,0.00176669212458838
1,0.1,1,3,0.8,0.9,0,0,163,0.00142768661690627
1,0.1,5,3,0.8,0.8,0.5,0,134,0.00137657593564966
1,0.01,7,5,1,1,0.5,0,943,0.00138347213468165
1,0.05,5,3,1,0.9,0.5,0,221,0.00136774604013003
1,0.3,3,7,1,1,0.5,0.5,46,0.00176594954871786
1,0.3,3,7,0.8,0.8,1,0.5,137,0.00171336339360054
1,0.05,3,5,0.8,0.9,0.5,0.5,705,0.00164401327082174
1,0.1,7,7,0.65,0.9,0.5,0,94,0.00142836754365498
1,0.1,7,3,0.8,0.8,0.5,1,321,0.00188458085867875
1,0.1,7,1,0.8,0.9,0,0,149,0.00141017702247485
1,0.1,5,1,0.65,1,0.5,1,381,0.00200480335043272
1,0.05,3,5,0.8,0.8,0,0.5,720,0.00165755507299856
1,0.01,7,1,0.8,1,1,0,1373,0.00138089959689229
1,0.3,7,3,1,0.9,0,0,43,0.00152210610080927
1,0.01,1,3,0.65,1,0,1,2046,0.00192754727464789
1,0.3,1,3,0.65,0.9,0.5,1,123,0.00198512827097922
1,0.1,7,1,0.65,0.8,0.5,1,457,0.0020168765761214
1,0.3,1,5,0.8,0.8,0.5,1,89,0.0019082189233485
1,0.3,1,7,1,1,0.5,0,73,0.00150962284232859
1,0.3,5,5,0.8,0.9,0.5,0.5,139,0.00178566137277016
1,0.01,3,3,0.8,0.9,1,0,1124,0.0013912700880586
1,0.05,7,3,0.8,0.8,1,1,836,0.00186395124378636
1,0.05,3,3,0.65,0.8,1,0.5,693,0.00168251008808694
1,0.3,1,7,0.8,0.9,0.5,0,67,0.00154090331798576
1,0.3,5,5,0.65,0.9,0,0,25,0.00147008582386246
1,0.1,1,1,1,0.9,0,0,195,0.00147085917541903
1,0.05,7,3,1,0.8,0,0.5,281,0.00158854718016157
1,0.01,5,5,0.8,0.9,0.5,0.5,3019,0.00166147895199091
1,0.3,3,1,0.65,0.8,1,0.5,115,0.00184862787407797
1,0.1,3,7,1,1,0.5,0.5,143,0.00163982023542805
1,0.01,3,5,0.8,1,0.5,0,1079,0.00141128393371423
1,0.01,5,5,0.8,1,0.5,1,2608,0.00183757758689792
1,0.1,1,3,1,1,0.5,1,140,0.0017558664347624
1,0.3,1,5,0.65,0.8,0.5,0.5,107,0.00175632639096953
1,0.3,1,7,0.8,0.8,0,1,149,0.00189440335531568
1,0.05,3,5,0.8,1,0.5,0,259,0.00138173188675836
1,0.01,7,3,0.65,1,1,0,1076,0.00137481303008105
1,0.01,7,7,1,1,0,0.5,1269,0.00161619932584525
1,0.05,1,1,1,1,0,0.5,280,0.00160440785691003
1,0.05,7,1,0.65,1,1,1,835,0.00197295193467601
1,0.05,3,7,1,0.9,0,1,274,0.00176254942593592
1,0.05,3,5,0.65,1,1,0,212,0.00137470668197228
1,0.01,3,1,1,0.9,0,0,1124,0.00143446771816487
1,0.1,7,5,1,0.9,1,1,141,0.00178910078758556
1,0.1,5,5,1,1,1,0.5,143,0.00167100385494982
1,0.05,1,3,0.8,0.9,1,0,289,0.00148330857349019
1,0.3,3,5,0.8,0.8,1,0,50,0.00144385794196863
1,0.3,7,7,0.65,0.8,0.5,1,115,0.00202196632331501
1,0.1,7,1,1,0.8,1,1,140,0.00182407931650132
1,0.1,7,1,0.8,0.8,1,0,149,0.00146266371271068
1,0.3,5,1,1,0.8,0,1,45,0.00191040851447281
1,0.3,1,5,1,0.8,0.5,0.5,44,0.00170471470847357
1,0.1,5,1,1,1,1,0.5,143,0.00165400512126044
1,0.05,1,3,1,0.9,1,1,274,0.00172552930418074
1,0.1,5,1,0.8,0.8,0,0.5,456,0.00172917600744101
1,0.3,3,3,0.8,0.8,0.5,0,58,0.00143975346576705
1,0.3,7,7,0.8,1,0.5,0,35,0.00147048365941101
1,0.3,1,1,0.65,0.8,1,0,62,0.00148629598108354
1,0.1,3,7,0.8,1,0,1,524,0.00186712909594146
1,0.05,3,7,0.65,0.9,0,1,557,0.00193465565476226
1,0.3,1,3,0.8,0.8,0.5,0.5,80,0.00175637095788139
1,0.05,3,3,1,0.9,0.5,1,274,0.00174021313186528
1,0.3,7,3,0.8,0.9,0,1,143,0.00194481465248654
1,0.1,1,7,0.65,0.8,0,0,123,0.00148853811277086
1,0.05,3,5,0.65,0.9,1,1,474,0.0019651762742523
1,0.3,5,5,1,0.9,0,0.5,46,0.00176058587905874
1,0.1,3,3,0.65,1,1,0,141,0.00140196983621214
1,0.3,5,7,0.65,0.9,0.5,1,125,0.00210540150763819
1,0.05,5,3,0.8,0.8,0,0,213,0.00141297990737996
1,0.3,3,3,1,0.8,0,1,45,0.00186530671586434
1,0.3,3,7,1,1,0,1,45,0.00186776445422036
1,0.05,3,5,1,1,0,1,274,0.00181399169326312
1,0.01,1,1,0.65,0.8,1,1,2142,0.00196600553896761
1,0.05,5,5,0.8,0.8,0.5,0.5,745,0.00167745828369502
1,0.1,1,7,0.8,1,0.5,0,92,0.0015067437669904
1,0.3,5,1,0.65,0.9,0,1,139,0.00202312675099124
1,0.01,3,3,0.8,0.8,0,1,2647,0.00182774177943707
1,0.01,3,5,0.65,0.9,0.5,1,2335,0.00195071478970941
1,0.3,7,3,1,1,1,1,45,0.00184558894079548
1,0.1,3,3,1,0.9,0,1,140,0.00176897589578864
1,0.3,3,1,0.65,1,0,0.5,111,0.00174511441796128
1,0.05,5,3,1,1,0,0.5,280,0.00161778951511257
1,0.01,3,7,1,0.9,0.5,0.5,1271,0.00160618570527937
1,0.01,5,7,0.8,0.9,1,1,2589,0.00184204450944711
1,0.3,5,5,0.8,1,0.5,0.5,180,0.00182809925247313
1,0.1,7,7,0.8,0.9,0.5,0.5,318,0.00166929739719933
1,0.1,5,3,0.65,0.9,1,0.5,294,0.00172945531786159
1,0.3,1,5,0.8,0.9,0.5,0,65,0.00151497448349355
1,0.1,1,5,0.8,0.8,0,0.5,363,0.00168483947799535
1,0.01,3,7,0.8,0.8,0,0,950,0.00138674033324139
1,0.05,3,3,1,1,0,0,189,0.00141393786151986
1,0.05,1,1,0.65,1,0.5,1,513,0.00193329234514415
1,0.1,1,1,1,0.9,0.5,0.5,143,0.0016195218887045
1,0.1,5,3,0.8,0.8,0,1,438,0.00188619567075341
1,0.3,5,5,0.8,0.9,0,0,25,0.00146360501404595
1,0.1,1,3,0.8,1,0,0,177,0.00146161424227095
1,0.3,3,1,0.8,0.8,1,0,42,0.00153706308505579
1,0.1,1,5,0.8,0.8,0,1,208,0.00188153418670384
1,0.05,1,1,0.65,0.9,0.5,0.5,840,0.00167685505462821
1,0.01,3,1,1,0.8,1,1,1237,0.00179123578633447
1,0.1,7,5,0.65,1,0,0.5,374,0.0017150338403222
1,0.3,3,1,0.65,0.9,0.5,0,69,0.0014534888438574
1,0.3,7,7,0.8,0.9,0,0,26,0.0014523009921183
1,0.3,3,3,0.8,0.9,1,1,241,0.00191297392098787
1,0.05,1,7,1,0.8,0,1,272,0.00178329775304629
1,0.3,3,5,1,0.9,1,0,69,0.00144219444837357
1,0.01,3,7,1,0.9,1,1,1241,0.00174780418034354
1,0.1,1,5,1,0.9,0.5,1,140,0.00177334355360216
1,0.1,7,5,1,0.9,0.5,0.5,143,0.00168292959272201
1,0.1,5,5,0.8,0.9,0.5,0,97,0.00138706929984207
1,0.05,3,5,0.65,0.9,0.5,0,219,0.00140286742501428
1,0.01,1,3,1,0.9,0,0.5,1268,0.00160986829685063
1,0.05,3,1,0.8,0.8,0,1,619,0.00183659108818955
1,0.1,5,5,1,0.8,0,1,140,0.00180934531770438
1,0.01,7,3,0.65,0.9,1,0.5,2361,0.00167539811274112
1,0.05,1,1,0.8,0.8,1,0.5,541,0.00157105310513109
1,0.01,3,1,0.8,0.9,1,0,1243,0.00141123356271351
1,0.05,7,5,1,1,1,1,274,0.00178070068671386
1,0.05,5,3,1,0.8,0,1,275,0.00177664008184284
1,0.3,3,3,0.65,1,0,1,122,0.00201666364710595
1,0.1,3,7,1,0.9,0.5,0.5,144,0.00160644716119984
1,0.05,5,3,0.65,0.9,1,0.5,699,0.00171334714024351
1,0.05,1,3,0.8,0.9,0.5,1,598,0.00181821854790395
1,0.05,3,3,1,0.8,1,0.5,281,0.00160240302140127
1,0.05,1,1,0.65,0.9,0,1,588,0.00197359121392711
1,0.05,5,7,0.8,0.9,1,1,769,0.00184127592449823
1,0.3,7,7,0.8,0.9,1,0,29,0.00147468400464619
1,0.3,7,5,0.65,0.8,0,0.5,192,0.00183954620735783
1,0.1,1,5,0.65,0.9,0.5,0,132,0.00149784850676972
1,0.01,7,5,0.65,0.8,0,0.5,3281,0.00170903849397165
1,0.01,7,3,1,1,0,0.5,1266,0.00164159066382596
1,0.1,7,5,0.65,0.9,0,1,376,0.0019816427499053
1,0.1,5,3,0.65,0.9,0,1,467,0.00195607294780334
1,0.1,1,1,0.65,1,0,0.5,343,0.00170060367268175
1,0.3,1,1,1,1,0.5,0,126,0.00148461893289755
1,0.1,7,7,0.8,0.9,1,1,382,0.00188277539512741
1,0.05,3,5,0.8,0.9,0.5,0.5,720,0.00161488626903167
1,0.01,5,5,0.8,0.9,0.5,1,2733,0.00186037236192248
1,0.01,7,7,1,0.9,0,0,1049,0.00141428607257775
1,0.1,7,7,1,0.9,1,0.5,143,0.0016281089526645
1,0.05,7,5,0.8,0.9,1,0.5,732,0.00164998503025695
1,0.3,5,3,1,0.9,0.5,0,52,0.00143488359135925
1,0.3,5,1,0.65,0.8,1,1,222,0.00202807455284939
1,0.05,5,1,1,0.8,0,0,264,0.00143652238530734
1,0.3,5,1,0.65,0.8,0.5,0.5,75,0.0019392734136774
1,0.1,7,1,1,0.8,1,0.5,143,0.00175275375728435
1,0.3,3,1,1,0.9,0,0.5,46,0.00172303738668427
1,0.3,5,7,0.8,0.9,1,1,108,0.00191500788832714
1,0.01,5,7,0.8,0.8,0.5,0.5,2853,0.00164584198181845
1,0.1,3,3,0.8,0.8,0,0,84,0.00138946078353246
1,0.3,5,1,0.65,0.9,0,0,25,0.00151773377730084
1,0.1,7,3,0.65,0.9,0,1,507,0.00195431988973947
1,0.3,3,3,1,0.9,1,1,45,0.00184652397769649
1,0.01,5,5,0.65,1,1,0.5,1972,0.0016950576987894
1,0.01,7,1,1,0.8,0.5,1,1237,0.00177074325482465
1,0.1,5,5,0.8,0.9,0,0.5,291,0.00166630476042922
1,0.1,3,5,0.8,0.9,0,0,153,0.00139805730047604
1,0.3,7,1,0.65,0.9,0,0,43,0.00156396540080478
1,0.05,3,3,0.8,0.9,0.5,0,291,0.00137625569028337
1,0.05,5,7,1,0.9,1,0.5,281,0.00160731652549752
1,0.3,7,5,1,1,0.5,1,45,0.00187076305964183
1,0.1,1,3,0.65,0.8,1,0,136,0.00147557361104448
1,0.05,7,1,0.8,0.9,0.5,0,250,0.00139580316077942
1,0.1,1,5,0.65,0.8,0,1,307,0.00193411436096762
1,0.1,1,3,0.65,1,0.5,0.5,281,0.00166230081408347
1,0.05,7,1,0.65,0.8,0.5,0,229,0.00140005233248091
1,0.1,5,5,0.8,0.9,0,0.5,508,0.00169232863155889
1,0.1,5,1,0.8,0.8,1,1,229,0.00188925673606711
1,0.01,5,3,1,1,1,0.5,1268,0.00162810612762214
1,0.1,7,3,0.65,0.9,0,1,361,0.00195064640044904
1,0.01,1,7,0.8,1,0.5,1,1900,0.00184477314877575
1,0.05,1,7,1,1,0.5,0.5,278,0.00159193776109927
1,0.3,5,7,1,0.8,0.5,0.5,46,0.00178327007676908
1,0.3,7,7,1,1,1,0.5,46,0.00172206341322197
1,0.01,5,1,1,1,0.5,0,1185,0.00142894018529793
1,0.1,7,7,0.8,0.9,0.5,1,337,0.00184994022796725
1,0.1,5,7,0.8,0.9,1,0.5,367,0.00166789340660923
1,0.05,1,5,0.8,0.9,0.5,0.5,444,0.00162346537343667
1,0.3,1,1,1,0.8,0.5,0.5,44,0.00169731290481138
1,0.3,1,5,1,1,0.5,0.5,41,0.0016969951638838
1,0.05,1,3,0.65,0.8,1,0,264,0.00145989930420423
1,0.01,1,5,1,0.9,1,0,2889,0.001436008016458
1,0.05,5,5,1,0.9,1,1,274,0.00176077486165603
1,0.1,7,5,0.65,0.8,0,1,331,0.00196558249408008
1,0.1,3,1,0.8,1,0,1,386,0.00191892039881655
1,0.1,5,7,0.65,0.9,0,0.5,369,0.00174018475987605
1,0.05,7,1,1,1,1,1,274,0.00185135193854061
1,0.01,5,7,1,0.9,1,0,1137,0.00137418706942821
1,0.05,5,1,0.8,1,0,0,218,0.00140544123797602
1,0.3,5,7,0.65,1,0.5,0.5,124,0.00187353462530771
1,0.1,1,1,1,0.9,0.5,0.5,143,0.00160537696417884
1,0.05,3,3,1,0.9,0,0,224,0.00141246316402135
1,0.1,3,3,1,1,0.5,0.5,143,0.00160739966213889
1,0.3,7,1,0.65,0.9,0,0.5,128,0.00172059237834345
1,0.1,5,7,0.8,1,0,1,255,0.00187179823734819
1,0.01,5,1,0.8,0.8,1,0,1195,0.00138574169042591
1,0.05,3,7,0.8,1,0.5,0.5,720,0.00166543604104283
1,0.05,1,3,0.65,0.9,0.5,0.5,562,0.00166986514168781
1,0.05,1,1,1,0.8,0,1,273,0.00173439678173232
1,0.3,1,5,0.65,1,0.5,0,66,0.00153383114566286
1,0.3,5,3,1,0.8,0.5,0.5,46,0.00165435892085822
1,0.05,7,1,0.8,1,0,0.5,736,0.00164924235961782
1,0.3,1,1,0.65,0.9,0,0.5,86,0.00180152019988188
1,0.05,3,3,1,0.9,0,0.5,280,0.00157377490132245
1,0.01,7,1,1,0.8,0.5,0,1188,0.00144318349884942
1,0.01,3,5,1,1,0.5,1,1237,0.00178134944926928
1,0.1,7,5,0.65,0.8,1,1,355,0.00197618249220346
1,0.3,3,7,1,0.8,0,0,31,0.0014274362778407
1,0.01,1,7,0.65,0.8,1,0.5,2360,0.00166588599762163
1,0.1,3,1,0.8,0.8,0.5,1,338,0.00189855583751731
1,0.1,5,5,1,1,1,0.5,143,0.00168687054200387
1,0.05,5,7,0.8,0.9,1,0,187,0.0014023288126252
1,0.3,7,7,0.65,1,0,1,119,0.00204645472314305
1,0.1,1,1,0.8,0.8,1,0.5,408,0.00165088957109958
1,0.05,7,5,1,1,0,1,274,0.00178866282780728
1,0.01,5,5,0.8,0.9,1,0,1085,0.00138136913164566
1,0.3,5,3,1,0.9,1,1,45,0.00189932097438132
1,0.01,5,3,1,0.9,1,1,1238,0.00173565881999882
1,0.3,1,3,0.8,0.8,1,1,98,0.00192099819069626
1,0.3,3,7,0.65,1,0,0.5,69,0.00187951867020763
1,0.05,3,7,1,1,0,0.5,281,0.0016345866649189
1,0.01,3,5,0.65,1,0.5,0.5,2461,0.00170472731981027
1,0.1,7,5,0.8,0.9,0.5,0.5,363,0.00164462234400144
1,0.05,7,5,0.8,0.9,0.5,1,821,0.00184462123682231
1,0.3,3,1,1,0.9,0.5,1,45,0.00183884599535418
1,0.3,1,5,0.65,1,0.5,1,129,0.00203407614954134
1,0.3,3,3,1,0.8,0.5,1,45,0.00187944403072101
1,0.05,1,1,0.65,1,0.5,1,672,0.00197229309435567
1,0.1,3,7,1,0.8,0,0.5,143,0.00164877904584427
1,0.01,7,5,1,1,1,0.5,1269,0.00162673092404799
1,0.3,1,7,1,0.8,0.5,0.5,44,0.00173185985055688
1,0.01,3,7,0.8,0.9,0,0,1101,0.001385267224522
1,0.05,1,1,0.8,1,0,0,267,0.00144997472999881
1,0.1,5,7,1,1,0,0.5,143,0.00163662612292332
1,0.01,3,5,1,1,0.5,0,979,0.00142952295798075
1,0.01,7,5,0.65,1,1,0.5,2898,0.00166199465043068
1,0.1,1,1,0.65,1,0.5,0,192,0.00144708878934984
1,0.1,1,1,0.8,0.8,1,0,148,0.00147507869863323
1,0.05,7,7,1,0.9,0,0.5,280,0.00158616752646611
1,0.3,1,1,1,0.9,1,1,44,0.00184495152483836
1,0.01,3,7,0.8,1,0.5,0,1062,0.00141046563220507
1,0.3,7,1,1,0.9,0.5,0.5,46,0.00187145657804683
1,0.1,1,5,1,0.9,0,1,139,0.00178407768455729
1,0.1,7,7,0.65,0.9,1,0,120,0.00141949565965424
1,0.1,1,3,1,1,1,0.5,143,0.00159824815474614
1,0.3,5,1,0.8,0.9,1,0,36,0.00152613769069226
1,0.01,7,3,0.8,0.9,1,1,2517,0.00182146106417485
1,0.1,3,1,0.65,1,1,0.5,284,0.00175486920830625
1,0.1,7,5,1,0.9,0,1,140,0.00177071076315638
1,0.01,5,1,1,0.9,0.5,1,1239,0.00183150725711531
1,0.05,7,7,0.65,0.8,1,0.5,771,0.00169478329219915
1,0.01,5,1,1,1,1,0.5,1269,0.0016652923136896
1,0.05,5,7,0.8,1,0.5,0.5,963,0.00166695354488198
1,0.3,3,3,0.8,0.9,0,0,41,0.00145256232713917
1,0.05,1,7,0.8,0.9,1,0,414,0.00145605905026423
1,0.01,5,7,0.65,1,0.5,0,1051,0.0013923768470788
1,0.1,3,3,1,0.8,0,0,105,0.00141909408420035
1,0.01,1,7,0.65,0.8,1,0.5,2655,0.00167726422606341
1,0.05,5,1,0.65,1,1,0.5,693,0.00174303513337073
1,0.05,3,5,0.65,0.8,1,0,260,0.00138463964103464
1,0.01,5,7,0.65,0.8,0,1,2726,0.0019578864228332
1,0.05,5,5,0.65,0.9,0,1,820,0.00193403098172529
1,0.01,7,5,0.8,0.9,0.5,0.5,2611,0.00164054845021714
1,0.3,5,1,1,0.8,0,0.5,46,0.00172019150213091
1,0.01,5,5,0.65,0.8,0.5,0.5,2496,0.00167085218526397
1,0.3,7,7,0.8,0.8,1,0,27,0.00146961757664915
1,0.05,7,1,0.8,0.8,0,0.5,653,0.00169381963058232
1,0.05,3,3,0.65,1,0,0,211,0.00138153246309827
1,0.3,7,1,0.65,1,1,1,112,0.00205755736757305
1,0.05,5,3,1,0.9,0,0,264,0.0014321741117159
1,0.3,7,1,0.65,0.9,0.5,0,50,0.00159893599750702
1,0.05,5,7,0.65,0.8,0,0,181,0.00138281189797808
1,0.3,5,5,1,0.8,0,0.5,46,0.0017320360940953
1,0.1,3,3,0.65,0.8,1,0,117,0.00139136772744571
1,0.01,1,3,0.65,0.9,1,0,1430,0.00144015593669567
1,0.3,1,7,1,0.9,0.5,1,44,0.00190449569237438
1,0.01,7,3,0.8,0.9,0.5,1,3165,0.00182235184556861
1,0.01,7,5,0.8,0.9,0.5,0,1083,0.00138649335861353
1,0.3,3,5,0.8,0.8,0.5,1,140,0.00197742885039322
1,0.01,3,7,1,0.8,1,0,1154,0.0014078875856765
1,0.1,5,7,1,1,0,1,140,0.00178864002046145
1,0.3,1,3,0.65,0.9,1,1,120,0.00212489480886296
1,0.05,1,5,1,0.9,0,0.5,278,0.00161596734424262
1,0.01,1,3,0.8,1,0.5,1,2060,0.00184769078975462
1,0.01,7,5,1,0.9,0.5,1,1237,0.00177370133187565
1,0.1,1,1,0.65,0.9,1,1,418,0.00193248024148876
1,0.1,1,5,0.65,0.9,0,0.5,240,0.0016874446563255
1,0.01,5,1,0.8,1,1,0.5,2538,0.00162795387650171
1,0.01,7,1,0.8,0.8,1,1,2500,0.00190886336267231
1,0.3,3,3,0.8,0.8,0,0,27,0.00143964307124265
1,0.05,5,1,0.8,0.9,0.5,0.5,1028,0.00165849138537273
1,0.3,3,1,0.8,1,0,0,29,0.00145103044247158
1,0.3,1,3,0.8,1,0,1,92,0.00194193450374653
1,0.1,1,7,0.65,0.9,1,1,289,0.00194799462666523
1,0.3,7,1,1,0.8,0,1,45,0.00186320343431484
1,0.01,3,5,0.65,1,0,1,2000,0.00194719276500924
1,0.3,1,7,1,0.8,0.5,0.5,43,0.00174719558892008
1,0.01,1,3,1,0.9,0,1,1236,0.00172762304740307
1,0.1,5,3,1,0.8,0.5,0,108,0.0013952678156525
1,0.01,3,5,0.8,0.8,1,0,963,0.00139926661431443
1,0.3,7,3,0.8,0.8,0.5,1,208,0.00193032779645312
1,0.05,1,1,0.65,0.8,1,0.5,621,0.001656257115098
1,0.05,3,5,0.8,0.8,0.5,0,249,0.00138163515414247
1,0.1,7,5,0.65,1,0,0.5,361,0.00173309820055939
1,0.01,3,1,1,1,0.5,0,1018,0.00143036271876932
1,0.3,3,7,1,0.9,1,1,45,0.00184147777460081
1,0.3,1,7,0.65,1,1,1,199,0.00207634445814042
1,0.1,3,1,0.8,1,0.5,0,163,0.0014159021142941
1,0.01,1,5,0.8,1,0.5,0.5,2573,0.00162538348807954
1,0.1,7,7,0.8,0.9,0,0,92,0.00142417965155017
1,0.1,5,7,1,1,0.5,1,140,0.00180439433522328
1,0.01,7,1,0.65,0.8,1,1,2706,0.00198443361040703
1,0.1,5,1,1,0.8,0,0.5,144,0.00164862951191484
1,0.1,1,7,0.65,0.9,1,0.5,199,0.0017193688754168
1,0.1,3,1,0.8,1,0,0,121,0.00142217621894361
1,0.1,5,5,1,0.8,1,0.5,143,0.00167127162892935
1,0.1,3,3,1,1,0,0.5,143,0.00158329012704254
1,0.05,5,1,0.65,0.8,0,0,200,0.00138734613506781
1,0.1,7,1,0.65,0.9,0,0,152,0.00145172492766494
1,0.05,1,5,0.8,1,1,1,518,0.00183982243746383
1,0.1,7,1,0.8,0.8,0.5,1,259,0.00188420349519241
1,0.3,7,1,0.65,1,0.5,1,116,0.00208490131446187
1,0.05,5,7,1,0.8,0.5,0,236,0.00136927291538001
1,0.01,7,1,0.8,0.9,0.5,1,3402,0.00185878509156899
1,0.3,3,7,1,0.8,1,0,29,0.00146687947223731
1,0.3,5,7,0.65,1,0.5,1,130,0.0020538817087455
1,0.01,5,7,0.8,0.8,1,0,968,0.00139023283772523
1,0.1,5,1,1,1,0,0,135,0.00146743295894071
1,0.3,1,7,0.8,0.9,0,0.5,104,0.00176443271273228
1,0.3,1,1,1,1,0,0,66,0.00155652733732324
1,0.01,3,3,0.8,0.8,1,0,1102,0.00140614918191924
1,0.05,7,7,0.8,0.8,0,0,217,0.00139371808536243
1,0.01,5,5,0.65,1,0,0.5,2406,0.0016616118430405
1,0.05,1,5,1,0.8,1,0.5,278,0.00161793020119427
1,0.3,1,1,0.8,0.8,1,0.5,61,0.00173110546051704
1,0.05,3,7,0.65,1,1,1,799,0.00192868715522081
1,0.01,1,7,0.65,0.8,0,1,2018,0.00194348818526475
1,0.01,1,1,0.8,0.8,0.5,1,2853,0.00184010112726745
1,0.3,7,5,0.8,1,0,1,160,0.00193834812985147
1,0.05,3,3,0.65,0.9,1,0.5,705,0.00165993158264459
1,0.3,7,7,0.8,1,1,0.5,119,0.00173240067308236
1,0.1,1,1,0.65,0.9,0.5,0.5,334,0.0017016048606991
1,0.01,5,5,1,0.8,1,0,999,0.00140946590506845
1,0.05,1,7,0.65,0.9,0.5,1,614,0.00196975952625554
1,0.01,3,3,0.65,0.9,0,1,2594,0.00192365583726331
1,0.3,5,3,0.8,0.8,0.5,0.5,105,0.00179294712442259
1,0.3,3,5,0.65,0.8,1,0,35,0.00146653056715147
1,0.05,1,3,0.8,0.8,0.5,0.5,675,0.0016030617162988
1,0.3,5,7,1,1,1,1,45,0.00189985874261775
1,0.1,7,1,1,0.8,1,1,140,0.00181123536095916
1,0.05,3,1,0.8,1,0.5,1,1008,0.00183418065346513
1,0.05,3,1,0.8,0.8,0.5,1,749,0.00187599147067108
1,0.1,1,1,0.65,0.9,1,1,276,0.00193818308237951
1,0.01,3,1,0.8,0.8,1,0.5,2905,0.00164136150500296
1,0.05,7,3,0.65,1,0,0,227,0.00137340789286749
1,0.3,7,7,0.65,1,1,0.5,141,0.00183398734574657
1,0.1,7,1,1,0.9,0,1,141,0.0018735693039815
1,0.1,5,5,1,0.9,0,1,140,0.00181952395659834
1,0.01,7,1,1,0.9,1,1,1238,0.00181001844122007
1,0.1,7,5,1,0.9,0,1,140,0.00178738591820286
1,0.01,1,7,0.65,1,0,1,2454,0.0019426962087558
1,0.01,7,7,0.65,1,1,1,3130,0.00193980845041243
1,0.1,3,3,0.65,1,0,1,430,0.00192975473448961
1,0.01,3,5,1,0.8,0.5,0.5,1269,0.00159650153798447
1,0.01,7,7,1,0.9,0.5,0.5,1268,0.00160450463732909
1,0.1,5,1,1,0.9,1,0.5,143,0.00166009140654442
1,0.3,1,5,0.8,1,0.5,0,62,0.00155297434714404
1,0.01,5,3,1,1,0.5,0.5,1269,0.0016404437448283
1,0.01,7,1,0.8,0.9,0,0,1170,0.00144433801456912
1,0.01,1,5,1,1,1,1,1237,0.00176286709803061
1,0.3,1,3,0.8,0.9,1,1,112,0.00188923462054762
1,0.3,7,5,0.8,0.9,1,1,116,0.00196638630638915
1,0.3,3,5,0.8,1,0.5,0.5,126,0.00178281526892338
1,0.05,5,3,0.65,0.9,1,0.5,538,0.00167022286141135
1,0.05,5,1,0.8,0.8,0.5,1,655,0.00189815329984544
1,0.05,1,7,0.8,0.8,0,1,677,0.00185932370809458
1,0.3,3,1,1,0.8,1,1,45,0.00189342338770363
1,0.05,7,1,0.65,0.8,0,1,772,0.00201338451560583
1,0.1,3,3,0.65,1,1,0.5,495,0.00172258362836043
1,0.1,5,7,1,1,0,1,140,0.00181175175274773
1,0.05,7,1,1,0.9,1,0,265,0.00141221738272692
1,0.3,7,3,0.65,0.8,1,0.5,127,0.00178984737671895
1,0.01,7,1,1,1,0.5,1,1238,0.00179695235990202
1,0.3,3,3,0.65,1,0,0,24,0.00150158341098245
1,0.1,7,7,0.8,1,0,0.5,456,0.00167070912580835
1,0.01,7,5,0.8,1,1,0.5,2597,0.00164714342449671
1,0.1,3,5,0.65,1,0,0,175,0.00141082957157494
1,0.1,1,5,0.8,0.9,1,0,134,0.00149217245409327
1,0.1,1,7,0.65,0.8,0,1,256,0.00196681697382293
1,0.01,1,1,0.8,0.8,0,0,987,0.00147413800433282
1,0.3,1,1,0.8,1,0,0.5,128,0.00176416957468784
1,0.05,1,3,0.8,0.9,0,0.5,551,0.00163818555139234
1,0.1,7,1,0.8,0.9,1,0,146,0.00147034351099767
1,0.1,1,3,0.8,0.9,0,1,258,0.00186094676265471
1,0.3,5,1,0.65,0.9,1,1,92,0.00217512440743724
1,0.3,1,1,0.8,0.9,1,1,88,0.00190164492732017
1,0.01,5,1,0.8,0.9,0,1,3097,0.00186700384343234
1,0.01,1,3,0.8,0.9,0.5,1,1861,0.00182848084427146
1,0.01,1,3,0.65,0.9,0,0.5,2238,0.00163795582030232
1,0.3,1,7,0.8,0.9,0,0,40,0.00152393916769383
1,0.1,5,7,1,1,1,0,140,0.00141229237059019
1,0.1,3,7,0.8,0.9,1,0.5,337,0.00168985098369345
1,0.3,1,5,0.65,1,1,1,118,0.00201244421577213
1,0.3,5,7,0.8,1,0,0,25,0.0014624840406815
1,0.3,5,5,1,0.8,1,0.5,46,0.0017503918892263
1,0.01,1,7,0.65,0.9,1,1,2091,0.00194928918502615
1,0.01,1,5,0.8,0.8,1,0.5,2210,0.00161714925024943
1,0.3,5,1,0.65,1,0,0.5,106,0.00184413867771139
1,0.05,5,1,0.8,0.9,0.5,0,289,0.00138572175012174
1,0.3,3,3,0.8,0.8,1,0,38,0.00149442674528409
1,0.1,3,1,0.65,0.8,1,0,150,0.001419580233157
1,0.1,1,7,0.65,1,0,1,345,0.00196041414462249
1,0.05,1,1,0.8,0.8,0,1,615,0.00184866668571234
1,0.3,7,1,1,0.9,0,0,43,0.00151355461846773
1,0.01,5,7,0.8,0.9,0,0,939,0.00134738073447625
1,0.1,1,3,0.65,1,0,0,116,0.00148105399943363
1,0.01,3,1,0.8,0.8,0.5,0,1028,0.00141111079691877
1,0.3,1,1,0.65,0.9,0,0.5,135,0.00176396416919789
1,0.3,7,1,0.8,0.9,1,0,32,0.00149058370601325
1,0.01,1,1,0.65,0.8,0.5,0.5,2341,0.00168353250412568
1,0.1,3,5,0.65,0.8,0,0,88,0.00139853546463232
1,0.05,5,3,1,0.8,1,0,242,0.00140282491285439
1,0.1,5,3,0.8,0.8,1,0,91,0.0013765244126664
1,0.1,3,1,0.65,0.9,0,0.5,545,0.00173005728254296
1,0.3,7,7,1,0.8,1,1,45,0.00191923690825831
1,0.1,1,3,0.65,0.9,0.5,1,248,0.0019443601784041
1,0.05,3,7,0.65,1,1,0.5,694,0.00172159846296889
1,0.01,1,3,1,0.9,0.5,1,1237,0.00173956313448043
1,0.1,3,1,0.8,1,0.5,1,260,0.0018690725657423
1,0.3,3,5,1,0.9,1,1,45,0.00185624943298482
1,0.3,1,5,1,0.9,0,0.5,45,0.00170178722071091
1,0.1,3,3,0.8,0.8,0.5,0.5,457,0.00163950048371547
1,0.05,1,7,0.8,0.9,0.5,0.5,518,0.00164889423802819
1,0.05,5,5,1,0.9,0.5,0,232,0.00138825659444358
1,0.3,3,3,1,0.9,0,1,45,0.00187002993513657
1,0.3,5,1,0.65,0.8,1,1,80,0.00198518069445806
1,0.3,1,1,0.65,0.9,1,0.5,113,0.0017583456892629
1,0.05,7,5,1,0.9,1,1,275,0.00181974560810356
1,0.3,1,7,0.8,0.9,0.5,0.5,159,0.00175381139088533
1,0.1,5,3,0.8,1,1,0.5,263,0.00167518157199266
1,0.1,3,3,0.8,0.8,0.5,1,440,0.00185990284489502
1,0.05,3,7,1,1,0.5,0,276,0.00140619391927237
1,0.01,3,7,0.8,0.8,0,1,3166,0.00183848094112468
1,0.3,5,5,0.65,0.8,0,1,231,0.00200524505063756
1,0.3,1,5,1,0.8,0.5,0,114,0.00149520083775591
1,0.01,5,7,0.8,1,0,1,2537,0.00187217991352882
1,0.01,1,5,0.8,0.8,0,1,2354,0.00183528767245249
1,0.05,3,3,0.8,1,0,1,857,0.00187371454165915
1,0.01,3,7,0.8,0.9,0,0.5,2434,0.00163545197544495
1,0.05,3,1,1,1,0.5,0.5,280,0.00166382449254523
1,0.05,7,3,0.8,1,1,1,707,0.00183167726862575
1,0.1,7,1,0.65,1,0.5,0.5,510,0.00178461266721366
1,0.1,3,5,0.8,0.8,1,0.5,489,0.00165024702601839
1,0.1,1,7,0.8,1,0,0.5,273,0.00165315169366082
1,0.3,7,5,0.65,0.8,0,0.5,95,0.00184154220387048
1,0.1,3,3,0.8,1,0.5,0.5,360,0.00168359096540511
1,0.05,3,1,0.8,0.9,0,0.5,678,0.00164717997865325
1,0.05,5,7,0.65,1,1,0.5,648,0.00168634439902371
1,0.05,7,1,1,0.9,1,0,265,0.00139943889008682
1,0.1,5,7,0.65,0.8,0.5,1,311,0.00196933920268078
1,0.1,3,1,1,0.8,0,0,97,0.00141529322466844
1,0.1,5,7,0.8,1,0.5,0,143,0.00139732832579644
1,0.01,3,5,0.65,1,1,0,1322,0.00136519877324901
1,0.1,5,3,0.65,0.8,1,0.5,495,0.00167041805153692
1,0.01,1,5,1,0.8,0.5,0.5,1264,0.0015595928077991
1,0.1,1,1,0.65,0.9,0,1,305,0.00193890865475789
1,0.05,5,5,0.8,1,0.5,0,217,0.0014109177752399
1,0.3,7,7,0.65,1,0,1,68,0.00205768179929793
1,0.3,1,1,0.8,0.8,1,0.5,129,0.00180406211090559
1,0.01,7,3,0.65,0.9,1,0,1171,0.0013956668433668
1,0.01,3,5,0.65,0.9,0,0,1011,0.00139139436231742
1,0.01,3,7,1,0.8,0.5,1,1239,0.00177120487983727
1,0.1,7,3,0.8,0.9,1,1,514,0.00188313612334268
1,0.3,5,7,1,0.8,0,1,45,0.0018682101348893
1,0.01,5,5,0.65,0.8,1,1,2734,0.0019479182264513
1,0.05,1,1,0.8,1,0.5,1,548,0.00178973878077362
1,0.3,7,5,0.65,0.8,0,0.5,144,0.00183066551792472
1,0.01,5,7,0.8,0.8,0,1,2360,0.00185266449829113
1,0.1,5,5,0.8,1,1,1,508,0.00187857279490678
1,0.3,7,3,0.8,0.9,0,1,198,0.00197358898958292
1,0.1,5,5,0.8,1,0,0,94,0.00140830170320484
1,0.3,1,5,0.65,0.8,0.5,0,134,0.00149956228073292
1,0.1,3,7,0.8,0.9,1,1,448,0.00185218482533089
1,0.3,5,1,0.8,0.8,0.5,0,29,0.00149602008818735
1,0.05,7,5,0.8,0.8,1,1,713,0.00186832224727788
1,0.3,1,1,1,1,0.5,1,44,0.00189875359963332
1,0.1,7,7,0.65,1,0,1,545,0.00197561564124605
1,0.05,1,5,0.8,0.8,0,0.5,464,0.00163413994277289
1,0.01,3,3,0.65,0.8,0,0.5,2641,0.00170443099826829
1,0.1,3,7,0.8,1,1,0.5,410,0.00172600601078805
1,0.3,1,3,1,0.8,1,0,95,0.00147530946307309
1,0.05,3,7,0.8,1,1,0,227,0.00139642464123198
1,0.05,1,5,0.8,0.9,0.5,0,341,0.00145613033790026
1,0.01,5,1,0.65,1,0,0.5,2740,0.00177476361678087
1,0.05,5,1,0.65,0.8,1,1,649,0.00195010592170673
1,0.01,3,7,0.8,0.9,1,0.5,2459,0.00161181742137835
1,0.05,7,5,0.65,0.9,0.5,1,687,0.00195559946482217
1,0.1,1,3,0.8,1,0,1,306,0.00183497466963159
1,0.1,7,7,0.65,0.9,1,1,384,0.00199645272033807
1,0.05,3,1,0.8,0.8,0.5,1,645,0.00187179939792081
1,0.05,1,5,0.8,0.9,0,1,467,0.00186991489885655
1,0.3,7,3,0.8,0.8,0,1,144,0.00192457657568958
1,0.3,1,3,0.8,1,0,0.5,61,0.00177971229521175
